{
    "3": {
        "precision": 0.0,
        "recall": 0.0,
        "f1-score": 0.0,
        "support": 6.0
    },
    "4": {
        "precision": 0.6666666666666666,
        "recall": 0.09302325581395349,
        "f1-score": 0.16326530612244897,
        "support": 43.0
    },
    "5": {
        "precision": 0.7372262773722628,
        "recall": 0.7079439252336449,
        "f1-score": 0.7222884386174017,
        "support": 428.0
    },
    "6": {
        "precision": 0.6565217391304348,
        "recall": 0.798941798941799,
        "f1-score": 0.720763723150358,
        "support": 567.0
    },
    "7": {
        "precision": 0.6777777777777778,
        "recall": 0.5648148148148148,
        "f1-score": 0.6161616161616161,
        "support": 216.0
    },
    "8": {
        "precision": 1.0,
        "recall": 0.3333333333333333,
        "f1-score": 0.5,
        "support": 39.0
    },
    "9": {
        "precision": 0.0,
        "recall": 0.0,
        "f1-score": 0.0,
        "support": 1.0
    },
    "accuracy": 0.6884615384615385,
    "macro avg": {
        "precision": 0.5340274944210204,
        "recall": 0.3568653040196494,
        "f1-score": 0.388925583435975,
        "support": 1300.0
    },
    "weighted avg": {
        "precision": 0.6937287226684243,
        "recall": 0.6884615384615385,
        "f1-score": 0.674941384622058,
        "support": 1300.0
    }
}